{"jaar":{"0":1960,"1":1961,"2":1962,"3":1963,"4":1964,"5":1965,"6":1966,"7":1967,"8":1968,"9":1969,"10":1970,"11":1971,"12":1972,"13":1973,"14":1974,"15":1975,"16":1976,"17":1977,"18":1978,"19":1979,"20":1980,"21":1981,"22":1982,"23":1983,"24":1984,"25":1985,"26":1986,"27":1987,"28":1988,"29":1989,"30":1990,"31":1991,"32":1992,"33":1993,"34":1994,"35":1995,"36":1996,"37":1997,"38":1998,"39":1999,"40":2000,"41":2001,"42":2002,"43":2003,"44":2004,"45":2005,"46":2006,"47":2007,"48":2008,"49":2009,"50":2010,"51":2011,"52":2012,"53":2013,"54":2014,"55":2015,"56":2016,"57":2017,"58":2018,"59":2019,"60":2020},"bbp":{"0":1273.6916591029,"1":1350.1976733312,"2":1438.5232330684,"3":1535.0237290104,"4":1701.8462755432,"5":1835.5947655319,"6":1957.6260804276,"7":2086.6360054465,"8":2222.3615105191,"9":2458.0818200377,"10":2765.8909966479,"11":3082.9279887913,"12":3831.6318999943,"13":4900.9622007587,"14":5733.7981393388,"15":6701.3773605243,"16":7243.0473411958,"17":8426.9469594737,"18":10289.7684173296,"19":11810.6158754725,"20":12864.0025661396,"21":10622.8024830789,"22":9343.8610995962,"23":8846.2342984697,"24":8457.2688031637,"25":8750.8185125054,"26":12170.0406962702,"27":15135.8523116968,"28":16391.093827791,"29":16525.0617432848,"30":20600.3752789827,"31":21041.6606519648,"32":23372.619171015,"33":22283.9360213551,"34":24208.5547931447,"35":28413.8264387368,"36":27489.5551770488,"37":24820.9380503896,"38":25338.4432934904,"39":25244.2750474813,"40":23041.5347290428,"41":22995.1575247288,"42":24887.5613341833,"43":30587.6684093796,"44":35364.3753314368,"45":36795.9768819639,"46":38672.7059429767,"47":44262.8960009954,"48":48106.892915788,"49":44583.5448070814,"50":44141.8781415734,"51":47348.5250202016,"52":44673.1158755901,"53":46744.6625441516,"54":47700.5403601178,"55":40991.8081381432,"56":41984.1030335609,"57":44089.3100875118,"58":47519.5530968943,"59":46591.4916067396,"60":45159.3482229717}}